{"cameraMode":{"drawMode":0,"name":"Shaded","section":"Shading Mode"},"sceneLighting":true,"audioPlay":false,"sceneViewState":{"m_AlwaysRefresh":false,"showFog":true,"showSkybox":true,"showFlares":true,"showImageEffects":true,"showParticleSystems":true,"showVisualEffectGraphs":true,"m_FxEnabled":true},"in2DMode":false,"pivot":{"x":0.7668040990829468,"y":-3.3069796562194826,"z":4.094139099121094},"rotation":{"x":-0.34026631712913515,"y":-0.03300206735730171,"z":0.011938150972127915,"w":-0.9397147297859192},"size":4.2600202560424809,"orthographic":false}