{"cameraMode":{"drawMode":0,"name":"Shaded","section":"Shading Mode"},"sceneLighting":true,"audioPlay":false,"sceneViewState":{"m_AlwaysRefresh":false,"showFog":true,"showSkybox":true,"showFlares":true,"showImageEffects":true,"showParticleSystems":true,"showVisualEffectGraphs":true,"m_FxEnabled":true},"in2DMode":false,"pivot":{"x":8.741192817687989,"y":10.882084846496582,"z":-11.760150909423829},"rotation":{"x":0.07212554663419724,"y":0.9255217909812927,"z":-0.23277051746845246,"w":0.2921150326728821},"size":11.976890563964844,"orthographic":true}