{"cameraMode":{"drawMode":0,"name":"Shaded","section":"Shading Mode"},"sceneLighting":true,"audioPlay":false,"sceneViewState":{"m_AlwaysRefresh":false,"showFog":true,"showSkybox":true,"showFlares":true,"showImageEffects":true,"showParticleSystems":true,"showVisualEffectGraphs":true,"m_FxEnabled":true},"in2DMode":false,"pivot":{"x":4.451822757720947,"y":-0.8030576705932617,"z":3.2890172004699709},"rotation":{"x":-0.21575643122196198,"y":-0.48219823837280276,"z":0.12385018169879914,"w":-0.8400325775146484},"size":3.370060920715332,"orthographic":false}