{"cameraMode":{"drawMode":0,"name":"Shaded","section":"Shading Mode"},"sceneLighting":true,"audioPlay":false,"sceneViewState":{"m_AlwaysRefresh":false,"showFog":true,"showSkybox":true,"showFlares":true,"showImageEffects":true,"showParticleSystems":true,"showVisualEffectGraphs":true,"m_FxEnabled":true},"in2DMode":false,"pivot":{"x":31.907699584960939,"y":6.208166122436523,"z":-28.330631256103517},"rotation":{"x":-0.047558318823575976,"y":-0.9494024515151978,"z":0.2543509006500244,"w":-0.18086481094360352},"size":2.817108154296875,"orthographic":true}