{"cameraMode":{"drawMode":0,"name":"Shaded","section":"Shading Mode"},"sceneLighting":true,"audioPlay":false,"sceneViewState":{"m_AlwaysRefresh":false,"showFog":true,"showSkybox":true,"showFlares":true,"showImageEffects":true,"showParticleSystems":true,"showVisualEffectGraphs":true,"m_FxEnabled":true},"in2DMode":false,"pivot":{"x":2.119999885559082,"y":1.6800000667572022,"z":3.609999895095825},"rotation":{"x":0.29268544912338259,"y":0.39174389839172366,"z":-0.13420972228050233,"w":0.8626693487167358},"size":5.689926624298096,"orthographic":true}