{"cameraMode":{"drawMode":0,"name":"Shaded","section":"Shading Mode"},"sceneLighting":true,"audioPlay":false,"sceneViewState":{"m_AlwaysRefresh":false,"showFog":true,"showSkybox":true,"showFlares":true,"showImageEffects":true,"showParticleSystems":true,"showVisualEffectGraphs":true,"m_FxEnabled":true},"in2DMode":false,"pivot":{"x":2.119999885559082,"y":1.6800000667572022,"z":3.609999895095825},"rotation":{"x":0.1554153859615326,"y":0.40297284722328188,"z":-0.07089999318122864,"w":0.8995450735092163},"size":1.6590162515640259,"orthographic":true}