{"cameraMode":{"drawMode":0,"name":"Shaded","section":"Shading Mode"},"sceneLighting":true,"audioPlay":false,"sceneViewState":{"m_AlwaysRefresh":false,"showFog":true,"showSkybox":true,"showFlares":true,"showImageEffects":true,"showParticleSystems":true,"showVisualEffectGraphs":true,"m_FxEnabled":true},"in2DMode":false,"pivot":{"x":7.7341203689575199,"y":-6.342021942138672,"z":21.456308364868165},"rotation":{"x":-0.16265924274921418,"y":-0.18034949898719788,"z":0.030254732817411424,"w":-0.9696108102798462},"size":13.475082397460938,"orthographic":false}