{"cameraMode":{"drawMode":0,"name":"Shaded","section":"Shading Mode"},"sceneLighting":true,"audioPlay":false,"sceneViewState":{"m_AlwaysRefresh":false,"showFog":true,"showSkybox":true,"showFlares":true,"showImageEffects":true,"showParticleSystems":true,"showVisualEffectGraphs":true,"m_FxEnabled":true},"in2DMode":false,"pivot":{"x":19.675195693969728,"y":7.188831329345703,"z":12.376546859741211},"rotation":{"x":0.18457959592342378,"y":0.8035671710968018,"z":-0.31580016016960146,"w":0.46997252106666567},"size":26.127084732055665,"orthographic":true}